request_id,amount_safe_to_pay,affordability_status,recommended_payment_method,payment_plan,earliest_date_for_full_payment,spending_changes_needed,decision_explanation
request_26,15656000,affordable_now,full_payment,2025-08-03:15656000,2025-08-03,none,"Pay IDR 15,656,000 today. This leaves at least IDR 24,768,300 available over the next 90 days."
request_27,6670,affordable_now,full_payment,2026-07-05:6670,2026-07-05,none,"Pay ZAR 6,670 today. This leaves at least ZAR 20,500 available over the next 90 days."
request_28,347.79,affordable_later,wait,2024-06-15:1302.4,2024-06-15,none,"Pay EUR 1,302.40 in full on 15 June 2024. Paying earlier would take the balance below the EUR 1,100 minimum."
request_29,51524,not_affordable,not_recommended,none,,none,"Do not make this payment by 23 November 2025. None of the available options keeps the ZAR 28,300 minimum protected."
request_30,775.2,affordable_later,wait,2026-04-06:775.2,2026-04-06,none,Pay USD 775.20 in full on 6 April 2026. Paying earlier would take the balance below the USD 900 minimum.
request_31,3812146.06,affordable_later,wait,2024-09-15:18164000,2024-09-15,none,"Pay IDR 18,164,000 in full on 15 September 2024. Paying earlier would take the balance below the IDR 16,588,900 minimum."
request_32,16617.42,affordable_later,wait,2025-03-15:40018,2025-03-15,none,"Pay ZAR 40,018 in full on 15 March 2025. Paying earlier would take the balance below the ZAR 35,700 minimum."
request_33,38880.67,affordable_later,wait,2026-03-15:118000,2026-03-15,none,"Pay INR 118,000 in full on 15 March 2026. Paying earlier would take the balance below the INR 102,100 minimum."
request_34,129400,affordable_now,full_payment,2024-12-04:129400,2024-12-04,none,"Pay INR 129,400 today. This leaves at least INR 138,500 available over the next 90 days."
request_35,21206.90,affordable_later,wait,2026-01-15:212000,2026-01-15,none,"Pay INR 212,000 in full on 15 January 2026. Paying earlier would take the balance below the INR 106,400 minimum."
request_36,716.91,affordable_later,wait,2026-09-15:3954,2026-09-15,none,"Pay USD 3,954 in full on 15 September 2026. Paying earlier would take the balance below the USD 2,400 minimum."
request_37,12068800,affordable_later,wait,2024-03-15:14649000,2024-03-15,none,"Pay IDR 14,649,000 in full on 15 March 2024. Paying earlier would take the balance below the IDR 17,056,200 minimum."
request_38,225.42,affordable_later,wait,2025-09-15:971.3,2025-09-15,none,Pay EUR 971.30 in full on 15 September 2025. Paying earlier would take the balance below the EUR 400 minimum.
request_39,66774.38,affordable_later,wait,2026-04-15:208600,2026-04-15,none,"Pay INR 208,600 in full on 15 April 2026. Paying earlier would take the balance below the INR 213,400 minimum."
request_40,413.3,affordable_later,wait,2024-08-15:1290.3,2024-08-15,none,"Pay EUR 1,290.30 in full on 15 August 2024. Paying earlier would take the balance below the EUR 1,500 minimum."
request_41,10861566.80,affordable_later,wait,2025-11-15:38760000,2025-11-15,none,"Pay IDR 38,760,000 in full on 15 November 2025. Paying earlier would take the balance below the IDR 25,366,600 minimum."
request_42,52100,affordable_now,full_payment,2026-01-05:52100,2026-01-05,none,"Pay INR 52,100 today. This leaves at least INR 113,100 available over the next 90 days."
request_43,8405276.67,affordable_later,wait,2024-09-15:43339000,2024-09-15,none,"Pay IDR 43,339,000 in full on 15 September 2024. Paying earlier would take the balance below the IDR 21,398,000 minimum."
request_44,27791.87,not_affordable,not_recommended,none,,none,"Do not make this payment by 15 April 2025. None of the available options keeps the INR 82,900 minimum protected."
request_45,4060907.27,affordable_later,wait,2026-09-15:21983000,2026-09-15,none,"Pay IDR 21,983,000 in full on 15 September 2026. Paying earlier would take the balance below the IDR 11,149,800 minimum."
request_46,41246.75,affordable_with_plan,partial_payment,2024-12-03:41246.75|2024-12-15:8203.25,2024-12-15,none,"Pay INR 41,246.75 today and the remaining INR 8,203.25 on 15 December 2024. This completes the full request and keeps the INR 84,000 minimum protected."
request_47,38114000,affordable_now,full_payment,2025-05-05:38114000,2025-05-05,none,"Pay IDR 38,114,000 today. This leaves at least IDR 30,049,000 available over the next 90 days."
request_48,45700,affordable_now,full_payment,2026-07-25:45700,2026-07-25,none,"Pay INR 45,700 today. This leaves at least INR 71,300 available over the next 90 days."
request_49,12057437.68,not_affordable,not_recommended,none,,none,"Do not make this payment by 22 May 2024. None of the available options keeps the IDR 20,275,700 minimum protected."
request_50,43900,affordable_now,full_payment,2025-08-06:43900,2025-08-06,none,"Pay INR 43,900 today. This leaves at least INR 99,700 available over the next 90 days."
request_51,2191000,affordable_now,full_payment,2026-01-03:2191000,2026-01-03,none,"Pay IDR 2,191,000 today. This leaves at least IDR 7,811,000 available over the next 90 days."
request_52,18573.87,affordable_later,wait,2024-06-15:28870,2024-06-15,none,"Pay INR 28,870 in full on 15 June 2024. Paying earlier would take the balance below the INR 41,500 minimum."
request_53,623.55,not_affordable,not_recommended,none,,none,"Do not make this payment by 20 January 2026. None of the available options keeps the USD 2,100 minimum protected."
request_54,4491.48,not_affordable,not_recommended,none,,none,"Do not make this payment by 21 August 2026. None of the available options keeps the ZAR 37,000 minimum protected."
request_55,119590.56,affordable_later,wait,2026-07-15:218600,2026-07-15,none,"Pay INR 218,600 in full on 15 July 2026. Paying earlier would take the balance below the INR 124,300 minimum."
request_56,567.20,affordable_with_plan,partial_payment,2025-02-03:567.20|2025-02-15:314.36,2025-02-15,none,"Pay USD 567.20 today and the remaining USD 314.36 on 15 February 2025. This completes the full request and keeps the USD 2,100 minimum protected."
request_57,14724.02,affordable_later,wait,2026-05-15:61446,2026-05-15,none,"Pay ZAR 61,446 in full on 15 May 2026. Paying earlier would take the balance below the ZAR 42,700 minimum."
request_58,16226000,affordable_now,full_payment,2024-12-07:16226000,2024-12-07,none,"Pay IDR 16,226,000 today. This leaves at least IDR 14,433,900 available over the next 90 days."
request_59,140600,affordable_later,wait,2025-05-04:140600,2025-05-04,none,"Pay INR 140,600 in full on 4 May 2025. Paying earlier would take the balance below the INR 132,600 minimum."
request_60,129.52,not_affordable,not_recommended,none,,none,Do not make this payment by 4 March 2026. None of the available options keeps the USD 400 minimum protected.
request_61,29062,affordable_with_plan,installments,2024-03-17:10074.83|2024-04-17:10074.83|2024-05-18:10074.83,2024-03-03,none,"Use 3 installments of ZAR 10,074.83, starting 17 March 2024. This leaves at least ZAR 36,700 available."
request_62,404.23,affordable_now,full_payment,2025-08-05:404.23,2025-08-05,none,"Pay USD 404.23 today. This leaves at least USD 1,300 available over the next 90 days."
request_63,56563.72,affordable_with_plan,partial_payment,2026-07-07:56563.72|2026-08-15:287336.28,2026-08-15,none,"Pay INR 56,563.72 today and the remaining INR 287,336.28 on 15 August 2026. This completes the full request and keeps the INR 153,500 minimum protected."
request_64,45997.57,affordable_later,wait,2024-06-15:63700,2024-06-15,none,"Pay INR 63,700 in full on 15 June 2024. Paying earlier would take the balance below the INR 36,100 minimum."
request_65,6603.66,not_affordable,not_recommended,none,,none,"Do not make this payment by 25 November 2025. None of the available options keeps the ZAR 15,500 minimum protected."
request_66,22200,affordable_now,full_payment,2026-04-03:22200,2026-04-03,none,"Pay INR 22,200 today. This leaves at least INR 80,700 available over the next 90 days."
request_67,245.01,affordable_later,wait,2024-09-15:2094,2024-09-15,none,"Pay USD 2,094 in full on 15 September 2024. Paying earlier would take the balance below the USD 1,200 minimum."
request_68,1438.16,not_affordable,not_recommended,none,,none,"Do not make this payment by 16 April 2025. None of the available options keeps the USD 1,500 minimum protected."
request_69,529.1,affordable_with_plan,full_payment,2026-01-04:529.1,2026-03-15,stop:event_6405|reduce_to:event_6407:16.4,"Apply recommended spending adjustments (stop:event_6405|reduce_to:event_6407:16.4), then pay EUR 529.10 today. This leaves at least EUR 700 available."
request_70,59952.21,affordable_later,wait,2025-01-15:243900,2025-01-15,none,"Pay INR 243,900 in full on 15 January 2025. Paying earlier would take the balance below the INR 115,000 minimum."
request_71,938600.35,not_affordable,not_recommended,none,,none,"Do not make this payment by 28 May 2025. None of the available options keeps the IDR 8,884,800 minimum protected."
request_72,11330,affordable_now,full_payment,2026-07-05:11330,2026-07-05,none,"Pay ZAR 11,330 today. This leaves at least ZAR 12,200 available over the next 90 days."
request_73,71400,affordable_now,full_payment,2023-01-20:71400,2023-01-20,none,"Pay INR 71,400 today. This leaves at least INR 103,200 available over the next 90 days."
request_74,5010,affordable_now,full_payment,2025-08-04:5010,2025-08-04,none,"Pay ZAR 5,010 today. This leaves at least ZAR 21,900 available over the next 90 days."
request_75,28270,affordable_later,wait,2026-04-06:28270,2026-04-06,none,"Pay ZAR 28,270 in full on 6 April 2026. Paying earlier would take the balance below the ZAR 39,000 minimum."
request_76,876.44,affordable_later,wait,2024-06-24:4455.6,2024-06-24,none,"Pay USD 4,455.60 in full on 24 June 2024. Paying earlier would take the balance below the USD 1,800 minimum."
request_77,56002.73,not_affordable,not_recommended,none,,none,"Do not make this payment by 14 November 2025. None of the available options keeps the INR 82,200 minimum protected."
request_78,50200,affordable_now,full_payment,2025-10-02:50200,2025-10-02,none,"Pay INR 50,200 today. This leaves at least INR 55,200 available over the next 90 days."
request_79,372.12,affordable_with_plan,partial_payment,2024-09-04:372.12|2024-09-15:1779.48,2024-09-15,none,"Pay EUR 372.12 today and the remaining EUR 1,779.48 on 15 September 2024. This completes the full request and keeps the EUR 1,000 minimum protected."
request_80,113097.93,not_affordable,not_recommended,none,,none,"Do not make this payment by 21 February 2025. None of the available options keeps the INR 121,300 minimum protected."
request_81,2076,affordable_now,full_payment,2026-07-03:2076,2026-07-03,none,"Pay USD 2,076 today. This leaves at least USD 1,600 available over the next 90 days."
request_82,405.36,affordable_later,wait,2024-12-15:1405.2,2024-12-15,none,"Pay USD 1,405.20 in full on 15 December 2024. Paying earlier would take the balance below the USD 1,100 minimum."
request_83,7767.06,affordable_later,wait,2025-06-15:156200,2025-06-15,none,"Pay INR 156,200 in full on 15 June 2025. Paying earlier would take the balance below the INR 37,800 minimum."
request_84,28264.49,affordable_later,wait,2026-05-15:95400,2026-05-15,none,"Pay INR 95,400 in full on 15 May 2026. Paying earlier would take the balance below the INR 91,300 minimum."
request_85,817958.09,not_affordable,not_recommended,none,,none,"Do not make this payment by 26 April 2024. None of the available options keeps the IDR 6,396,300 minimum protected."
request_86,46300,affordable_now,full_payment,2025-08-03:46300,2025-08-03,none,"Pay INR 46,300 today. This leaves at least INR 84,900 available over the next 90 days."
request_87,11488.22,affordable_later,wait,2026-02-15:487900,2026-02-15,none,"Pay INR 487,900 in full on 15 February 2026. Paying earlier would take the balance below the INR 185,900 minimum."
request_88,11959.79,affordable_later,wait,2024-06-15:26092,2024-06-15,none,"Pay ZAR 26,092 in full on 15 June 2024. Paying earlier would take the balance below the ZAR 25,800 minimum."
request_89,9477383.79,affordable_later,wait,2025-11-15:13756000,2025-11-15,none,"Pay IDR 13,756,000 in full on 15 November 2025. Paying earlier would take the balance below the IDR 12,534,700 minimum."
request_90,2560,affordable_now,full_payment,2026-07-06:2560,2026-07-06,none,"Pay ZAR 2,560 today. This leaves at least ZAR 7,600 available over the next 90 days."
request_91,652.61,affordable_later,wait,2024-10-15:1927.2,2024-10-15,none,"Pay EUR 1,927.20 in full on 15 October 2024. Paying earlier would take the balance below the EUR 2,100 minimum."
request_92,34034,affordable_now,full_payment,2025-02-05:34034,2025-02-05,none,"Pay ZAR 34,034 today. This leaves at least ZAR 28,100 available over the next 90 days."
request_93,1729.2,affordable_now,full_payment,2026-04-07:1729.2,2026-04-07,none,"Pay USD 1,729.20 today. This leaves at least USD 1,900 available over the next 90 days."
request_94,572,affordable_now,full_payment,2024-12-04:572,2024-12-04,none,Pay EUR 572 today. This leaves at least EUR 600 available over the next 90 days.
request_95,30146.31,not_affordable,not_recommended,none,,none,"Do not make this payment by 14 July 2025. None of the available options keeps the INR 145,500 minimum protected."
request_96,71360.52,affordable_with_plan,installments,2026-01-10:31269.33|2026-02-09:31269.33|2026-03-11:31269.33,2026-01-15,none,"Use 3 installments of INR 31,269.33, starting 10 January 2026. This leaves at least INR 56,500 available."
request_97,2929.44,affordable_with_plan,installments,2024-03-19:8145.28|2024-04-19:8145.28|2024-05-20:8145.28,2024-03-15,none,"Use 3 installments of ZAR 8,145.28, starting 19 March 2024. This leaves at least ZAR 29,700 available."
request_98,10163.94,affordable_later,wait,2025-09-15:27148,2025-09-15,none,"Pay ZAR 27,148 in full on 15 September 2025. Paying earlier would take the balance below the ZAR 30,000 minimum."
request_99,18062,affordable_now,full_payment,2026-07-04:18062,2026-07-04,none,"Pay ZAR 18,062 today. This leaves at least ZAR 49,100 available over the next 90 days."
request_100,25776.03,affordable_with_plan,installments,2024-06-13:12866.19|2024-07-14:12866.19|2024-08-14:12866.19,2024-06-15,none,"Use 3 installments of ZAR 12,866.19, starting 13 June 2024. This leaves at least ZAR 32,500 available."
request_101,143500,affordable_now,full_payment,2025-11-03:143500,2025-11-03,none,"Pay INR 143,500 today. This leaves at least INR 187,400 available over the next 90 days."
request_102,1716,affordable_later,wait,2026-04-05:1716,2026-04-05,none,"Pay EUR 1,716 in full on 5 April 2026. Paying earlier would take the balance below the EUR 900 minimum."
request_103,0,not_affordable,not_recommended,none,,none,"Do not make this payment by 7 October 2024. None of the available options keeps the INR 125,500 minimum protected."
request_104,17204,affordable_now,full_payment,2025-02-04:17204,2025-02-04,none,"Pay ZAR 17,204 today. This leaves at least ZAR 24,700 available over the next 90 days."
request_105,53500,affordable_now,full_payment,2026-06-08:53500,2026-06-08,none,"Pay INR 53,500 today. This leaves at least INR 73,900 available over the next 90 days."
request_106,371.16,affordable_later,wait,2024-12-15:2207.7,2024-12-15,none,"Pay EUR 2,207.70 in full on 15 December 2024. Paying earlier would take the balance below the EUR 1,200 minimum."
request_107,2499.07,not_affordable,not_recommended,none,,none,"Do not make this payment by 4 July 2025. None of the available options keeps the EUR 1,600 minimum protected."
request_108,4947.66,affordable_later,wait,2026-07-24:55308,2026-07-24,none,"Pay ZAR 55,308 in full on 24 July 2026. Paying earlier would take the balance below the ZAR 24,100 minimum."
request_109,781.31,affordable_later,wait,2024-03-15:1863.4,2024-03-15,none,"Pay EUR 1,863.40 in full on 15 March 2024. Paying earlier would take the balance below the EUR 1,700 minimum."
request_110,22352,affordable_with_plan,installments,2025-08-06:7748.69|2025-09-03:7748.69|2025-10-01:7748.69,2025-08-06,none,"Use 3 installments of ZAR 7,748.69, starting 6 August 2025. This leaves at least ZAR 11,200 available."
request_111,16625000,affordable_now,full_payment,2026-04-03:16625000,2026-04-03,none,"Pay IDR 16,625,000 today. This leaves at least IDR 23,022,800 available over the next 90 days."
request_112,271.7,affordable_now,full_payment,2024-06-05:271.7,2024-06-05,none,Pay EUR 271.70 today. This leaves at least EUR 500 available over the next 90 days.
request_113,29216.87,affordable_later,wait,2026-09-15:36500,2026-09-15,none,"Pay INR 36,500 in full on 15 September 2026. Paying earlier would take the balance below the INR 82,300 minimum."
request_114,65300,affordable_now,full_payment,2026-01-04:65300,2026-01-04,none,"Pay INR 65,300 today. This leaves at least INR 113,400 available over the next 90 days."
request_115,16371.71,affordable_later,wait,2024-10-15:80500,2024-10-15,none,"Pay INR 80,500 in full on 15 October 2024. Paying earlier would take the balance below the INR 38,800 minimum."
request_116,13360.49,affordable_later,wait,2025-03-15:241200,2025-03-15,none,"Pay INR 241,200 in full on 15 March 2025. Paying earlier would take the balance below the INR 80,300 minimum."
request_117,880,affordable_now,full_payment,2026-07-05:880,2026-07-05,none,"Pay EUR 880 today. This leaves at least EUR 1,000 available over the next 90 days."
request_118,652.92,affordable_later,wait,2024-12-15:738.1,2024-12-15,none,Pay EUR 738.10 in full on 15 December 2024. Paying earlier would take the balance below the EUR 600 minimum.
request_119,70146.78,affordable_later,wait,2025-05-15:203500,2025-05-15,none,"Pay INR 203,500 in full on 15 May 2025. Paying earlier would take the balance below the INR 151,200 minimum."
request_120,7714000,affordable_now,full_payment,2026-04-06:7714000,2026-04-06,none,"Pay IDR 7,714,000 today. This leaves at least IDR 20,050,300 available over the next 90 days."
request_121,633.6,affordable_now,full_payment,2024-03-03:633.6,2024-03-03,none,Pay USD 633.60 today. This leaves at least USD 800 available over the next 90 days.
request_122,20558000,affordable_with_plan,installments,2025-08-05:7126773.33|2025-09-02:7126773.33|2025-09-30:7126773.33,2025-08-05,none,"Use 3 installments of IDR 7,126,773.33, starting 5 August 2025. This leaves at least IDR 12,588,500 available."
request_123,4076000,affordable_now,full_payment,2026-01-07:4076000,2026-01-07,none,"Pay IDR 4,076,000 today. This leaves at least IDR 18,091,200 available over the next 90 days."
request_124,1498.40,affordable_with_plan,installments,2024-06-11:1076.12|2024-07-12:1076.12|2024-08-12:1076.12,2024-06-15,none,"Use 3 installments of EUR 1,076.12, starting 11 June 2024. This leaves at least EUR 1,600 available."
request_125,4691.21,not_affordable,not_recommended,none,,none,"Do not make this payment by 14 November 2025. None of the available options keeps the ZAR 11,300 minimum protected."
request_126,159600,affordable_now,full_payment,2026-07-03:159600,2026-07-03,none,"Pay INR 159,600 today. This leaves at least INR 129,700 available over the next 90 days."
request_127,9985.18,affordable_later,wait,2024-09-15:23980,2024-09-15,none,"Pay ZAR 23,980 in full on 15 September 2024. Paying earlier would take the balance below the ZAR 41,000 minimum."
request_128,25168,affordable_now,full_payment,2025-02-07:25168,2025-02-07,none,"Pay ZAR 25,168 today. This leaves at least ZAR 42,600 available over the next 90 days."
request_129,154.54,not_affordable,not_recommended,none,,none,Do not make this payment by 18 June 2026. None of the available options keeps the USD 800 minimum protected.
request_130,268.35,not_affordable,not_recommended,none,,none,"Do not make this payment by 15 February 2025. None of the available options keeps the USD 1,400 minimum protected."
request_131,1217.52,affordable_with_plan,installments,2025-05-06:643.14|2025-06-03:643.14|2025-07-01:643.14,2025-06-23,none,"Use 3 installments of USD 643.14, starting 6 May 2025. This leaves at least USD 1,100 available."
request_132,314.36,not_affordable,not_recommended,none,,none,"Do not make this payment by 25 February 2026. None of the available options keeps the USD 1,100 minimum protected."
request_133,15770000,affordable_later,wait,2024-03-07:15770000,2024-03-07,none,"Pay IDR 15,770,000 in full on 7 March 2024. Paying earlier would take the balance below the IDR 9,986,200 minimum."
request_134,6798990.79,affordable_later,wait,2025-08-15:21831000,2025-08-15,none,"Pay IDR 21,831,000 in full on 15 August 2025. Paying earlier would take the balance below the IDR 15,902,500 minimum."
request_135,304.8,affordable_now,full_payment,2026-07-06:304.8,2026-07-06,none,Pay USD 304.80 today. This leaves at least USD 500 available over the next 90 days.
request_136,560.4,affordable_now,full_payment,2024-06-03:560.4,2024-06-03,none,"Pay USD 560.40 today. This leaves at least USD 1,100 available over the next 90 days."
request_137,32022.39,affordable_later,wait,2026-01-15:80100,2026-01-15,none,"Pay INR 80,100 in full on 15 January 2026. Paying earlier would take the balance below the INR 71,800 minimum."
request_138,743.23,affordable_with_plan,partial_payment,2026-04-07:743.23|2026-04-15:513.71,2026-04-15,none,"Pay EUR 743.23 today and the remaining EUR 513.71 on 15 April 2026. This completes the full request and keeps the EUR 2,300 minimum protected."
request_139,1103.14,affordable_later,wait,2024-09-15:2316,2024-09-15,none,"Pay USD 2,316 in full on 15 September 2024. Paying earlier would take the balance below the USD 1,500 minimum."
request_140,1413.50,not_affordable,not_recommended,none,,none,"Do not make this payment by 4 March 2025. None of the available options keeps the ZAR 21,600 minimum protected."
request_141,21983.11,not_affordable,not_recommended,none,,none,"Do not make this payment by 12 February 2026. None of the available options keeps the INR 67,300 minimum protected."
request_142,1263.6,affordable_now,full_payment,2024-12-05:1263.6,2024-12-05,none,"Pay USD 1,263.60 today. This leaves at least USD 1,700 available over the next 90 days."
request_143,1775.33,not_affordable,not_recommended,none,,none,"Do not make this payment by 15 July 2025. None of the available options keeps the ZAR 11,300 minimum protected."
request_144,194.64,affordable_with_plan,full_payment,2026-07-04:233.34,2026-09-15,reduce_to:event_13302:17.5|reduce_to:event_13305:17.5,"Apply recommended spending adjustments (reduce_to:event_13302:17.5|reduce_to:event_13305:17.5), then pay USD 233.34 today. This leaves at least USD 600 available."
request_145,105613.66,affordable_with_plan,installments,2024-03-20:75365.33|2024-04-20:75365.33|2024-05-21:75365.33,2024-03-15,none,"Use 3 installments of INR 75,365.33, starting 20 March 2024. This leaves at least INR 155,400 available."
request_146,16801.22,affordable_later,wait,2025-09-15:449400,2025-09-15,none,"Pay INR 449,400 in full on 15 September 2025. Paying earlier would take the balance below the INR 108,600 minimum."
request_147,548.58,affordable_with_plan,installments,2026-04-08:391.63|2026-05-08:391.63|2026-06-07:391.63,2026-04-15,none,"Use 3 installments of EUR 391.63, starting 8 April 2026. This leaves at least EUR 900 available."
request_148,8120.42,affordable_with_plan,installments,2024-06-14:7710.56|2024-07-15:7710.56|2024-08-15:7710.56,2024-08-15,none,"Use 3 installments of ZAR 7,710.56, starting 14 June 2024. This leaves at least ZAR 20,000 available."
request_149,22057.01,affordable_later,wait,2025-11-15:36652,2025-11-15,none,"Pay ZAR 36,652 in full on 15 November 2025. Paying earlier would take the balance below the ZAR 42,100 minimum."
request_150,355.24,not_affordable,not_recommended,none,,none,Do not make this payment by 16 March 2026. None of the available options keeps the EUR 700 minimum protected.
request_151,26999000,affordable_now,full_payment,2024-09-03:26999000,2024-09-03,none,"Pay IDR 26,999,000 today. This leaves at least IDR 31,633,600 available over the next 90 days."
request_152,10718.15,not_affordable,not_recommended,none,,none,"Do not make this payment by 13 April 2025. None of the available options keeps the ZAR 11,900 minimum protected."
request_153,93.23,not_affordable,not_recommended,none,,none,"Do not make this payment by 24 September 2026. None of the available options keeps the USD 1,400 minimum protected."
request_154,1625.8,affordable_with_plan,installments,2024-12-04:563.61|2025-01-04:563.61|2025-02-04:563.61,2024-12-04,none,"Use 3 installments of EUR 563.61, starting 4 December 2024. This leaves at least EUR 1,300 available."
request_155,112500,affordable_now,full_payment,2025-05-06:112500,2025-05-06,none,"Pay INR 112,500 today. This leaves at least INR 56,300 available over the next 90 days."
request_156,8472.81,affordable_later,wait,2026-05-15:43076,2026-05-15,none,"Pay ZAR 43,076 in full on 15 May 2026. Paying earlier would take the balance below the ZAR 26,900 minimum."
request_157,4482704.42,affordable_later,wait,2024-05-15:23503000,2024-05-15,none,"Pay IDR 23,503,000 in full on 15 May 2024. Paying earlier would take the balance below the IDR 15,714,100 minimum."
request_158,242600,affordable_later,wait,2025-08-07:242600,2025-08-07,none,"Pay INR 242,600 in full on 7 August 2025. Paying earlier would take the balance below the INR 131,400 minimum."
request_159,13398,affordable_now,full_payment,2026-01-04:13398,2026-01-04,none,"Pay ZAR 13,398 today. This leaves at least ZAR 8,700 available over the next 90 days."
request_160,486.99,affordable_with_plan,installments,2024-06-13:432.05|2024-07-14:432.05|2024-08-14:432.05,2024-06-15,none,"Use 3 installments of EUR 432.05, starting 13 June 2024. This leaves at least EUR 1,200 available."
request_161,5699415.42,not_affordable,not_recommended,none,,none,"Do not make this payment by 15 January 2026. None of the available options keeps the IDR 23,010,400 minimum protected."
request_162,3021829.57,not_affordable,not_recommended,none,,none,"Do not make this payment by 26 August 2026. None of the available options keeps the IDR 24,161,100 minimum protected."
request_163,18816615.63,affordable_later,wait,2024-09-15:19304000,2024-09-15,none,"Pay IDR 19,304,000 in full on 15 September 2024. Paying earlier would take the balance below the IDR 26,728,700 minimum."
request_164,27018000,affordable_later,wait,2025-02-04:27018000,2025-02-04,none,"Pay IDR 27,018,000 in full on 4 February 2025. Paying earlier would take the balance below the IDR 29,550,500 minimum."
request_165,80600,affordable_now,full_payment,2026-04-06:80600,2026-04-06,none,"Pay INR 80,600 today. This leaves at least INR 95,000 available over the next 90 days."
request_166,2907.6,affordable_with_plan,installments,2024-12-03:1007.97|2025-01-03:1007.97|2025-02-03:1007.97,2024-12-03,none,"Use 3 installments of USD 1,007.97, starting 3 December 2024. This leaves at least USD 1,700 available."
request_167,43802,not_affordable,not_recommended,none,,none,"Do not make this payment by 31 May 2025. None of the available options keeps the ZAR 31,200 minimum protected."
request_168,38974.36,affordable_with_plan,partial_payment,2026-01-07:38974.36|2026-01-15:10405.64,2026-01-15,none,"Pay INR 38,974.36 today and the remaining INR 10,405.64 on 15 January 2026. This completes the full request and keeps the INR 114,400 minimum protected."
request_169,41976,affordable_now,full_payment,2024-03-04:41976,2024-03-04,none,"Pay ZAR 41,976 today. This leaves at least ZAR 18,700 available over the next 90 days."
request_170,32845773.48,affordable_later,wait,2025-08-15:36936000,2025-08-15,none,"Pay IDR 36,936,000 in full on 15 August 2025. Paying earlier would take the balance below the IDR 24,715,800 minimum."
request_171,0,not_affordable,not_recommended,none,,none,Do not make this payment by 10 September 2026. None of the available options keeps the EUR 500 minimum protected.
request_172,10044.78,affordable_with_plan,partial_payment,2024-06-05:10044.78|2024-06-15:155.22,2024-06-15,none,"Pay ZAR 10,044.78 today and the remaining ZAR 155.22 on 15 June 2024. This completes the full request and keeps the ZAR 27,200 minimum protected."
request_173,70005.94,affordable_with_plan,installments,2025-11-21:39173.33|2025-12-19:39173.33|2026-01-16:39173.33,2025-11-15,none,"Use 3 installments of INR 39,173.33, starting 21 November 2025. This leaves at least INR 79,100 available."
request_174,1146.2,affordable_later,wait,2026-04-04:1146.2,2026-04-04,none,"Pay EUR 1,146.20 in full on 4 April 2026. Paying earlier would take the balance below the EUR 700 minimum."
request_175,2346.3,affordable_now,full_payment,2024-09-06:2346.3,2024-09-06,none,"Pay EUR 2,346.30 today. This leaves at least EUR 1,700 available over the next 90 days."
request_176,410.48,affordable_later,wait,2025-02-24:1239.7,2025-02-24,none,"Pay EUR 1,239.70 in full on 24 February 2025. Paying earlier would take the balance below the EUR 600 minimum."
request_177,1017.6,not_affordable,not_recommended,none,,none,"Do not make this payment by 25 January 2026. None of the available options keeps the USD 1,300 minimum protected."
request_178,2938.1,affordable_later,wait,2024-12-07:2938.1,2024-12-07,none,"Pay EUR 2,938.10 in full on 7 December 2024. Paying earlier would take the balance below the EUR 1,400 minimum."
request_179,8290961.84,affordable_later,wait,2025-07-15:41648000,2025-07-15,none,"Pay IDR 41,648,000 in full on 15 July 2025. Paying earlier would take the balance below the IDR 41,430,800 minimum."
request_180,66500,affordable_now,full_payment,2026-07-06:66500,2026-07-06,none,"Pay INR 66,500 today. This leaves at least INR 37,300 available over the next 90 days."
request_181,324.78,not_affordable,not_recommended,none,,none,"Do not make this payment by 7 April 2024. None of the available options keeps the USD 2,000 minimum protected."
request_182,65714,affordable_now,full_payment,2025-08-05:65714,2025-08-05,none,"Pay ZAR 65,714 today. This leaves at least ZAR 31,100 available over the next 90 days."
request_183,25058627.70,affordable_with_plan,installments,2026-04-10:9313546.67|2026-05-10:9313546.67|2026-06-09:9313546.67,2026-04-15,none,"Use 3 installments of IDR 9,313,546.67, starting 10 April 2026. This leaves at least IDR 11,878,300 available."
request_184,5256.26,not_affordable,not_recommended,none,,none,"Do not make this payment by 30 July 2024. None of the available options keeps the INR 110,800 minimum protected."
request_185,338.10,affordable_later,wait,2026-01-15:1257.3,2026-01-15,none,"Pay EUR 1,257.30 in full on 15 January 2026. Paying earlier would take the balance below the EUR 1,300 minimum."
request_186,423.73,not_affordable,not_recommended,none,,none,"Do not make this payment by 15 March 2026. None of the available options keeps the ZAR 22,000 minimum protected."
request_187,38510.57,affordable_later,wait,2024-09-15:187500,2024-09-15,none,"Pay INR 187,500 in full on 15 September 2024. Paying earlier would take the balance below the INR 128,300 minimum."
request_188,0,not_affordable,not_recommended,none,,none,Do not make this payment by 4 March 2025. None of the available options keeps the EUR 900 minimum protected.
request_189,488.4,affordable_now,full_payment,2026-07-04:488.4,2026-07-04,none,Pay EUR 488.40 today. This leaves at least EUR 400 available over the next 90 days.
request_190,586.75,affordable_later,wait,2024-12-15:2557.5,2024-12-15,none,"Pay EUR 2,557.50 in full on 15 December 2024. Paying earlier would take the balance below the EUR 1,600 minimum."
request_191,664.4,affordable_now,full_payment,2025-05-03:664.4,2025-05-03,none,Pay EUR 664.40 today. This leaves at least EUR 500 available over the next 90 days.
request_192,220.45,not_affordable,not_recommended,none,,none,"Do not make this payment by 11 May 2026. None of the available options keeps the USD 1,000 minimum protected."
request_193,12.04,affordable_later,wait,2024-05-15:1212.2,2024-05-15,none,"Pay EUR 1,212.20 in full on 15 May 2024. Paying earlier would take the balance below the EUR 1,000 minimum."
request_194,47772.37,affordable_later,wait,2025-09-23:132800,2025-09-23,none,"Pay INR 132,800 in full on 23 September 2025. Paying earlier would take the balance below the INR 113,600 minimum."
request_195,913.45,not_affordable,not_recommended,none,,none,Do not make this payment by 11 March 2026. None of the available options keeps the EUR 700 minimum protected.
request_196,762.3,affordable_now,full_payment,2024-06-03:762.3,2024-06-03,none,Pay EUR 762.30 today. This leaves at least EUR 500 available over the next 90 days.
request_197,50939000,not_affordable,not_recommended,none,,none,"Do not make this payment by 21 January 2026. None of the available options keeps the IDR 26,245,900 minimum protected."
request_198,185800,affordable_now,full_payment,2026-07-07:185800,2026-07-07,none,"Pay INR 185,800 today. This leaves at least INR 124,300 available over the next 90 days."
request_199,23674000,affordable_with_plan,installments,2024-09-07:8206986.67|2024-10-08:8206986.67|2024-11-08:8206986.67,2024-09-04,none,"Use 3 installments of IDR 8,206,986.67, starting 7 September 2024. This leaves at least IDR 25,359,500 available."
request_200,21717000,affordable_now,full_payment,2025-02-06:21717000,2025-02-06,none,"Pay IDR 21,717,000 today. This leaves at least IDR 20,114,600 available over the next 90 days."
request_201,23997000,affordable_now,full_payment,2026-04-03:23997000,2026-04-03,none,"Pay IDR 23,997,000 today. This leaves at least IDR 17,304,500 available over the next 90 days."
request_202,123900,affordable_now,full_payment,2024-12-05:123900,2024-12-05,none,"Pay INR 123,900 today. This leaves at least INR 147,800 available over the next 90 days."
request_203,1442.1,affordable_with_plan,installments,2025-05-10:499.93|2025-06-07:499.93|2025-07-05:499.93,2025-05-07,none,"Use 3 installments of EUR 499.93, starting 10 May 2025. This leaves at least EUR 1,400 available."
request_204,588.74,affordable_now,full_payment,2026-01-04:588.74,2026-01-04,none,"Pay EUR 588.74 today. This leaves at least EUR 1,300 available over the next 90 days."
request_205,10621000,affordable_now,full_payment,2024-03-06:10621000,2024-03-06,none,"Pay IDR 10,621,000 today. This leaves at least IDR 13,994,300 available over the next 90 days."
request_206,1404.7,affordable_later,wait,2025-08-03:1404.7,2025-08-03,none,"Pay EUR 1,404.70 in full on 3 August 2025. Paying earlier would take the balance below the EUR 900 minimum."
request_207,5604.23,affordable_later,wait,2026-07-15:11830,2026-07-15,none,"Pay ZAR 11,830 in full on 15 July 2026. Paying earlier would take the balance below the ZAR 13,600 minimum."
request_208,3879085.17,affordable_later,wait,2024-06-15:4413000,2024-06-15,none,"Pay IDR 4,413,000 in full on 15 June 2024. Paying earlier would take the balance below the IDR 10,470,700 minimum."
request_209,1845.44,not_affordable,not_recommended,none,,none,"Do not make this payment by 25 November 2025. None of the available options keeps the ZAR 18,400 minimum protected."
request_210,720.78,affordable_with_plan,partial_payment,2026-04-06:720.78|2026-04-15:639.24,2026-04-15,none,"Pay USD 720.78 today and the remaining USD 639.24 on 15 April 2026. This completes the full request and keeps the USD 2,000 minimum protected."
request_211,103.95,affordable_later,wait,2024-09-15:1788.6,2024-09-15,none,"Pay EUR 1,788.60 in full on 15 September 2024. Paying earlier would take the balance below the EUR 1,500 minimum."
request_212,3368660.53,not_affordable,not_recommended,none,,none,"Do not make this payment by 28 February 2025. None of the available options keeps the IDR 29,579,800 minimum protected."
request_213,3362.4,affordable_with_plan,installments,2026-01-21:1165.63|2026-02-20:1165.63|2026-03-22:1165.63,2026-01-07,none,"Use 3 installments of USD 1,165.63, starting 21 January 2026. This leaves at least USD 2,100 available."
request_214,59916.57,affordable_with_plan,partial_payment,2024-12-04:59916.57|2024-12-15:9833.43,2024-12-15,none,"Pay INR 59,916.57 today and the remaining INR 9,833.43 on 15 December 2024. This completes the full request and keeps the INR 174,900 minimum protected."
request_215,29986,affordable_with_plan,installments,2025-05-09:10395.15|2025-06-06:10395.15|2025-07-04:10395.15,2025-05-06,none,"Use 3 installments of ZAR 10,395.15, starting 9 May 2025. This leaves at least ZAR 15,700 available."
request_216,710.77,affordable_later,wait,2026-09-15:3332.4,2026-09-15,none,"Pay USD 3,332.40 in full on 15 September 2026. Paying earlier would take the balance below the USD 1,800 minimum."
request_217,21117.24,affordable_with_plan,installments,2024-03-19:12889.07|2024-04-19:12889.07|2024-05-20:12889.07,2024-03-15,none,"Use 3 installments of ZAR 12,889.07, starting 19 March 2024. This leaves at least ZAR 26,800 available."
request_218,27553020.13,affordable_later,wait,2025-08-15:61142000,2025-08-15,none,"Pay IDR 61,142,000 in full on 15 August 2025. Paying earlier would take the balance below the IDR 34,477,200 minimum."
request_219,693.07,affordable_with_plan,installments,2026-04-07:580.01|2026-05-07:580.01|2026-06-06:580.01,2026-04-15,none,"Use 3 installments of EUR 580.01, starting 7 April 2026. This leaves at least EUR 1,100 available."
request_220,111.52,not_affordable,not_recommended,none,,none,"Do not make this payment by 3 July 2024. None of the available options keeps the EUR 1,100 minimum protected."
request_221,109800,affordable_now,full_payment,2025-11-03:109800,2025-11-03,none,"Pay INR 109,800 today. This leaves at least INR 81,500 available over the next 90 days."
request_222,34078,affordable_now,full_payment,2026-01-05:34078,2026-01-05,none,"Pay ZAR 34,078 today. This leaves at least ZAR 27,300 available over the next 90 days."
request_223,898.7,affordable_now,full_payment,2024-09-07:898.7,2024-09-07,none,Pay EUR 898.70 today. This leaves at least EUR 800 available over the next 90 days.
request_224,10327000,affordable_later,wait,2025-02-04:10327000,2025-02-04,none,"Pay IDR 10,327,000 in full on 4 February 2025. Paying earlier would take the balance below the IDR 22,187,600 minimum."
request_225,9927522.06,affordable_with_plan,installments,2026-07-20:7647120|2026-08-19:7647120|2026-09-18:7647120,2026-08-15,none,"Use 3 installments of IDR 7,647,120, starting 20 July 2026. This leaves at least IDR 17,670,700 available."
request_226,157000,affordable_now,full_payment,2024-12-03:157000,2024-12-03,none,"Pay INR 157,000 today. This leaves at least INR 209,400 available over the next 90 days."
request_227,11472.64,not_affordable,not_recommended,none,,none,"Do not make this payment by 20 June 2025. None of the available options keeps the INR 62,900 minimum protected."
request_228,0,not_affordable,not_recommended,none,,none,"Do not make this payment by 30 April 2026. None of the available options keeps the IDR 26,191,200 minimum protected."
request_229,423.26,not_affordable,not_recommended,none,,none,"Do not make this payment by 23 May 2024. None of the available options keeps the EUR 1,000 minimum protected."
request_230,3537.6,affordable_now,full_payment,2025-08-06:3537.6,2025-08-06,none,"Pay EUR 3,537.60 today. This leaves at least EUR 2,000 available over the next 90 days."
request_231,35706,affordable_with_plan,installments,2026-01-06:12378.08|2026-02-05:12378.08|2026-03-07:12378.08,2026-01-03,none,"Use 3 installments of ZAR 12,378.08, starting 6 January 2026. This leaves at least ZAR 24,300 available."
request_232,797.65,affordable_later,wait,2024-07-15:1970.1,2024-07-15,none,"Pay EUR 1,970.10 in full on 15 July 2024. Paying earlier would take the balance below the EUR 2,400 minimum."
request_233,4139345.59,not_affordable,not_recommended,none,,none,"Do not make this payment by 17 December 2025. None of the available options keeps the IDR 10,365,700 minimum protected."
request_234,237.69,affordable_later,wait,2026-08-15:1213.3,2026-08-15,none,"Pay EUR 1,213.30 in full on 15 August 2026. Paying earlier would take the balance below the EUR 700 minimum."
request_235,967.2,affordable_now,full_payment,2024-09-06:967.2,2024-09-06,none,Pay USD 967.20 today. This leaves at least USD 700 available over the next 90 days.
request_236,7443718.01,not_affordable,not_recommended,none,,none,"Do not make this payment by 23 February 2025. None of the available options keeps the IDR 16,768,600 minimum protected."
request_237,23826000,affordable_now,full_payment,2026-04-05:23826000,2026-04-05,none,"Pay IDR 23,826,000 today. This leaves at least IDR 22,431,500 available over the next 90 days."
request_238,663.6,affordable_later,wait,2024-12-07:663.6,2024-12-07,none,Pay USD 663.60 in full on 7 December 2024. Paying earlier would take the balance below the USD 700 minimum.
request_239,642,affordable_now,full_payment,2025-05-04:642,2025-05-04,none,Pay USD 642 today. This leaves at least USD 600 available over the next 90 days.
request_240,20020,not_affordable,not_recommended,none,,none,"Do not make this payment by 20 March 2026. None of the available options keeps the INR 52,800 minimum protected."
request_241,21052000,affordable_later,wait,2024-03-03:21052000,2024-03-03,none,"Pay IDR 21,052,000 in full on 3 March 2024. Paying earlier would take the balance below the IDR 19,252,000 minimum."
request_242,33.41,not_affordable,not_recommended,none,,none,Do not make this payment by 25 August 2025. None of the available options keeps the EUR 600 minimum protected.
request_243,17468,affordable_now,full_payment,2026-07-07:17468,2026-07-07,none,"Pay ZAR 17,468 today. This leaves at least ZAR 19,900 available over the next 90 days."
request_244,49918,affordable_now,full_payment,2024-06-04:49918,2024-06-04,none,"Pay ZAR 49,918 today. This leaves at least ZAR 45,900 available over the next 90 days."
request_245,33456.67,affordable_later,wait,2025-12-15:128500,2025-12-15,none,"Pay INR 128,500 in full on 15 December 2025. Paying earlier would take the balance below the INR 94,600 minimum."
request_246,64086,affordable_with_plan,installments,2026-04-03:22216.48|2026-05-03:22216.48|2026-06-02:22216.48,2026-04-03,none,"Use 3 installments of ZAR 22,216.48, starting 3 April 2026. This leaves at least ZAR 39,300 available."
request_247,1059.3,affordable_now,full_payment,2024-09-05:1059.3,2024-09-05,none,"Pay EUR 1,059.30 today. This leaves at least EUR 1,300 available over the next 90 days."
request_248,1026.80,affordable_with_plan,partial_payment,2025-02-07:1026.80|2025-02-15:938.80,2025-02-15,none,"Pay USD 1,026.80 today and the remaining USD 938.80 on 15 February 2025. This completes the full request and keeps the USD 1,300 minimum protected."
request_249,180.35,affordable_later,wait,2026-03-15:643.2,2026-03-15,none,Pay USD 643.20 in full on 15 March 2026. Paying earlier would take the balance below the USD 600 minimum.
request_250,17762.28,affordable_with_plan,partial_payment,2024-12-06:17762.28|2025-01-15:106515.72,2025-01-15,none,"Pay ZAR 17,762.28 today and the remaining ZAR 106,515.72 on 15 January 2025. This completes the full request and keeps the ZAR 35,300 minimum protected."
request_251,1513.6,affordable_later,wait,2025-05-03:1513.6,2025-05-03,none,"Pay EUR 1,513.60 in full on 3 May 2025. Paying earlier would take the balance below the EUR 1,300 minimum."
request_252,5200297.21,affordable_later,wait,2026-08-15:28082000,2026-08-15,none,"Pay IDR 28,082,000 in full on 15 August 2026. Paying earlier would take the balance below the IDR 15,152,200 minimum."
request_253,1421.81,not_affordable,not_recommended,none,,none,"Do not make this payment by 1 June 2024. None of the available options keeps the EUR 2,300 minimum protected."
request_254,824.45,affordable_later,wait,2025-09-15:3535.2,2025-09-15,none,"Pay USD 3,535.20 in full on 15 September 2025. Paying earlier would take the balance below the USD 2,500 minimum."
request_255,3345000,affordable_now,full_payment,2026-04-06:3345000,2026-04-06,none,"Pay IDR 3,345,000 today. This leaves at least IDR 9,813,900 available over the next 90 days."
request_256,173486.46,affordable_with_plan,installments,2024-06-10:75816|2024-07-11:75816|2024-08-11:75816,2024-06-15,none,"Use 3 installments of INR 75,816, starting 10 June 2024. This leaves at least INR 168,600 available."
request_257,455.10,affordable_later,wait,2025-11-15:1352.4,2025-11-15,none,"Pay USD 1,352.40 in full on 15 November 2025. Paying earlier would take the balance below the USD 1,600 minimum."
request_258,1113.6,affordable_now,full_payment,2026-01-07:1113.6,2026-01-07,none,"Pay USD 1,113.60 today. This leaves at least USD 500 available over the next 90 days."
request_259,177.67,affordable_later,wait,2024-11-15:935,2024-11-15,none,Pay EUR 935 in full on 15 November 2024. Paying earlier would take the balance below the EUR 600 minimum.
request_260,8568465.44,affordable_with_plan,partial_payment,2025-02-06:8568465.44|2025-03-15:43510534.56,2025-03-15,none,"Pay IDR 8,568,465.44 today and the remaining IDR 43,510,534.56 on 15 March 2025. This completes the full request and keeps the IDR 20,727,700 minimum protected."
request_261,1830.4,affordable_now,full_payment,2026-07-03:1830.4,2026-07-03,none,"Pay EUR 1,830.40 today. This leaves at least EUR 1,500 available over the next 90 days."
request_262,9236000,affordable_now,full_payment,2024-12-05:9236000,2024-12-05,none,"Pay IDR 9,236,000 today. This leaves at least IDR 31,018,500 available over the next 90 days."
request_263,8459.82,not_affordable,not_recommended,none,,none,"Do not make this payment by 15 June 2025. None of the available options keeps the ZAR 24,100 minimum protected."
request_264,26863.74,affordable_later,wait,2026-05-15:111300,2026-05-15,none,"Pay INR 111,300 in full on 15 May 2026. Paying earlier would take the balance below the INR 59,500 minimum."
request_265,45970,affordable_now,full_payment,2024-03-06:45970,2024-03-06,none,"Pay INR 45,970 today. This leaves at least INR 189,700 available over the next 90 days."
request_266,743.34,not_affordable,not_recommended,none,,none,Do not make this payment by 3 October 2025. None of the available options keeps the EUR 900 minimum protected.
request_267,1764.95,affordable_with_plan,installments,2026-01-08:667.33|2026-02-07:667.33|2026-03-09:667.33,2026-01-15,none,"Use 3 installments of EUR 667.33, starting 8 January 2026. This leaves at least EUR 1,500 available."
request_268,1134.52,affordable_with_plan,installments,2024-06-14:841.22|2024-07-15:841.22|2024-08-15:841.22,2024-07-15,none,"Use 3 installments of EUR 841.22, starting 14 June 2024. This leaves at least EUR 1,400 available."
request_269,9897.45,not_affordable,not_recommended,none,,none,"Do not make this payment by 2 January 2026. None of the available options keeps the ZAR 23,100 minimum protected."
request_270,183.44,not_affordable,not_recommended,none,,none,"Do not make this payment by 30 August 2026. None of the available options keeps the USD 1,400 minimum protected."
request_271,57104.59,affordable_later,wait,2024-09-15:91300,2024-09-15,none,"Pay INR 91,300 in full on 15 September 2024. Paying earlier would take the balance below the INR 58,200 minimum."
request_272,5649202.88,affordable_later,wait,2025-02-15:13585000,2025-02-15,none,"Pay IDR 13,585,000 in full on 15 February 2025. Paying earlier would take the balance below the IDR 7,508,600 minimum."
request_273,10756514.78,affordable_with_plan,partial_payment,2026-04-07:10756514.78|2026-04-15:5104485.22,2026-04-15,none,"Pay IDR 10,756,514.78 today and the remaining IDR 5,104,485.22 on 15 April 2026. This completes the full request and keeps the IDR 18,774,600 minimum protected."
request_274,2406.62,affordable_later,wait,2024-12-15:2713.7,2024-12-15,none,"Pay EUR 2,713.70 in full on 15 December 2024. Paying earlier would take the balance below the EUR 1,800 minimum."
request_275,15884000,affordable_now,full_payment,2025-05-06:15884000,2025-05-06,none,"Pay IDR 15,884,000 today. This leaves at least IDR 12,760,100 available over the next 90 days."
